timestamp,labels,value
2025-11-23T11:57:15,uri=/actuator/prometheus,97.95736129980665
2025-11-23T11:57:30,uri=/actuator/prometheus,96.90524076263416
2025-11-23T11:57:45,uri=/actuator/prometheus,96.23424659985683
2025-11-23T11:58:00,uri=/actuator/prometheus,43.90038025
2025-11-23T11:58:15,uri=/actuator/prometheus,38.30797525
2025-11-23T11:58:30,uri=/actuator/prometheus,33.135000625
2025-11-23T11:58:45,uri=/actuator/prometheus,33.27481075
2025-11-23T11:59:00,uri=/actuator/prometheus,33.135000625
2025-11-23T11:59:15,uri=/actuator/prometheus,33.135000625
2025-11-23T11:59:30,uri=/actuator/prometheus,38.30797524999999
2025-11-23T11:59:45,uri=/actuator/prometheus,38.30797525
2025-11-23T12:00:00,uri=/actuator/prometheus,38.30797524999999
2025-11-23T12:00:15,uri=/actuator/prometheus,33.135000625
2025-11-23T12:00:30,uri=/actuator/prometheus,38.30797524999999
2025-11-23T12:00:45,uri=/actuator/prometheus,38.727405624999996
2025-11-23T12:01:00,uri=/actuator/prometheus,38.727405624999996
2025-11-23T12:01:15,uri=/actuator/prometheus,38.30797525
2025-11-23T12:01:30,uri=/actuator/prometheus,33.135000625
2025-11-23T12:01:45,uri=/actuator/prometheus,33.135000625
2025-11-23T12:02:00,uri=/actuator/prometheus,33.27481075
2025-11-23T12:02:15,uri=/actuator/prometheus,33.27481075
2025-11-23T12:02:30,uri=/actuator/prometheus,33.27481075
2025-11-23T12:02:45,uri=/actuator/prometheus,33.27481075
2025-11-23T12:03:00,uri=/actuator/prometheus,49.49278525
2025-11-23T12:03:15,uri=/actuator/prometheus,49.49278525
2025-11-23T12:03:30,uri=/actuator/prometheus,49.49278525
2025-11-23T12:03:45,uri=/actuator/prometheus,38.30797525
2025-11-23T12:04:00,uri=/actuator/prometheus,38.30797524999999
2025-11-23T12:04:15,uri=/actuator/prometheus,38.30797525
2025-11-23T12:04:30,uri=/actuator/prometheus,33.135000625
2025-11-23T12:04:45,uri=/actuator/prometheus,32.71557025
2025-11-23T12:05:00,uri=/actuator/prometheus,32.71557025
2025-11-23T12:05:15,uri=/actuator/prometheus,27.68240575
2025-11-23T12:05:30,uri=/actuator/prometheus,27.68240575
2025-11-23T11:57:30,uri=/api/v1/portfolios,944.0957545140177
2025-11-23T11:57:45,uri=/api/v1/portfolios,1361.7558017051974
2025-11-23T11:58:00,uri=/api/v1/portfolios,1406.180328821705
2025-11-23T11:58:15,uri=/api/v1/portfolios,1575.2429677702871
2025-11-23T11:58:30,uri=/api/v1/portfolios,1470.2197318823946
2025-11-23T11:58:45,uri=/api/v1/portfolios,1615.430807782692
2025-11-23T11:59:00,uri=/api/v1/portfolios,1525.0489339796868
2025-11-23T11:59:15,uri=/api/v1/portfolios,1646.583985851759
2025-11-23T11:59:30,uri=/api/v1/portfolios,1389.6348561041134
2025-11-23T11:59:45,uri=/api/v1/portfolios,1403.7604280310893
2025-11-23T12:00:00,uri=/api/v1/portfolios,1333.1581336271906
2025-11-23T12:00:15,uri=/api/v1/portfolios,1309.0329575053133
2025-11-23T12:00:30,uri=/api/v1/portfolios,1220.1221962772438
2025-11-23T12:00:45,uri=/api/v1/portfolios,972.2911147070002
2025-11-23T12:01:00,uri=/api/v1/portfolios,1037.317832145454
2025-11-23T12:01:15,uri=/api/v1/portfolios,1030.830358331915
2025-11-23T12:01:30,uri=/api/v1/portfolios,1216.1166602977898
2025-11-23T12:01:45,uri=/api/v1/portfolios,1409.6302917076925
2025-11-23T12:02:00,uri=/api/v1/portfolios,1508.9444276217394
2025-11-23T12:02:15,uri=/api/v1/portfolios,1378.8305062858367
2025-11-23T12:02:30,uri=/api/v1/portfolios,1106.510296301014
2025-11-23T12:02:45,uri=/api/v1/portfolios,1046.5038529729732
2025-11-23T12:03:00,uri=/api/v1/portfolios,1109.8051891797877
2025-11-23T12:03:15,uri=/api/v1/portfolios,1048.99624547651
2025-11-23T12:03:30,uri=/api/v1/portfolios,996.5270810482752
2025-11-23T12:03:45,uri=/api/v1/portfolios,997.6626425529405
2025-11-23T12:04:00,uri=/api/v1/portfolios,934.1553844000005
2025-11-23T12:04:15,uri=/api/v1/portfolios,927.9386329421636
2025-11-23T12:04:30,uri=/api/v1/portfolios,923.6582325023151
2025-11-23T12:04:45,uri=/api/v1/portfolios,955.0348581177042
2025-11-23T12:05:00,uri=/api/v1/portfolios,903.7326994999995
2025-11-23T12:05:15,uri=/api/v1/portfolios,705.2736234572147
2025-11-23T12:05:30,uri=/api/v1/portfolios,462.8928719107144
2025-11-23T11:57:30,uri=/api/v1/portfolios/{portfolioId},1880.4989406285747
2025-11-23T11:57:45,uri=/api/v1/portfolios/{portfolioId},2065.657522397661
2025-11-23T11:58:00,uri=/api/v1/portfolios/{portfolioId},2132.0004034610147
2025-11-23T11:58:15,uri=/api/v1/portfolios/{portfolioId},2236.0202534578993
2025-11-23T11:58:30,uri=/api/v1/portfolios/{portfolioId},2265.014846544591
2025-11-23T11:58:45,uri=/api/v1/portfolios/{portfolioId},2628.6222448299936
2025-11-23T11:59:00,uri=/api/v1/portfolios/{portfolioId},2545.1173058426825
2025-11-23T11:59:15,uri=/api/v1/portfolios/{portfolioId},2594.4693528624985
2025-11-23T11:59:30,uri=/api/v1/portfolios/{portfolioId},1988.601692408333
2025-11-23T11:59:45,uri=/api/v1/portfolios/{portfolioId},1948.0938608133329
2025-11-23T12:00:00,uri=/api/v1/portfolios/{portfolioId},1817.3082447545435
2025-11-23T12:00:15,uri=/api/v1/portfolios/{portfolioId},1732.5929646569837
2025-11-23T12:00:30,uri=/api/v1/portfolios/{portfolioId},1770.7662562010873
2025-11-23T12:00:45,uri=/api/v1/portfolios/{portfolioId},1591.775159657895
2025-11-23T12:01:00,uri=/api/v1/portfolios/{portfolioId},1641.681653989581
2025-11-23T12:01:15,uri=/api/v1/portfolios/{portfolioId},1489.6378234419992
2025-11-23T12:01:30,uri=/api/v1/portfolios/{portfolioId},1763.954296497058
2025-11-23T12:01:45,uri=/api/v1/portfolios/{portfolioId},1986.3609994629621
2025-11-23T12:02:00,uri=/api/v1/portfolios/{portfolioId},1974.7973019976741
2025-11-23T12:02:15,uri=/api/v1/portfolios/{portfolioId},1788.4851182999985
2025-11-23T12:02:30,uri=/api/v1/portfolios/{portfolioId},1575.6634918494105
2025-11-23T12:02:45,uri=/api/v1/portfolios/{portfolioId},1530.9670508269187
2025-11-23T12:03:00,uri=/api/v1/portfolios/{portfolioId},1585.419763924758
2025-11-23T12:03:15,uri=/api/v1/portfolios/{portfolioId},1656.2467629774999
2025-11-23T12:03:30,uri=/api/v1/portfolios/{portfolioId},1551.638279312499
2025-11-23T12:03:45,uri=/api/v1/portfolios/{portfolioId},1595.3072051282873
2025-11-23T12:04:00,uri=/api/v1/portfolios/{portfolioId},1438.7614094169073
2025-11-23T12:04:15,uri=/api/v1/portfolios/{portfolioId},1417.0537545236173
2025-11-23T12:04:30,uri=/api/v1/portfolios/{portfolioId},1402.842567233962
2025-11-23T12:04:45,uri=/api/v1/portfolios/{portfolioId},1426.5756961599996
2025-11-23T12:05:00,uri=/api/v1/portfolios/{portfolioId},1338.136315899999
2025-11-23T12:05:15,uri=/api/v1/portfolios/{portfolioId},1082.2635845000025
2025-11-23T12:05:30,uri=/api/v1/portfolios/{portfolioId},905.2240075833438
2025-11-23T11:57:30,uri=/api/v1/portfolios/{portfolioId}/holdings,783.4631109114449
2025-11-23T11:57:45,uri=/api/v1/portfolios/{portfolioId}/holdings,1386.7288440579753
2025-11-23T11:58:00,uri=/api/v1/portfolios/{portfolioId}/holdings,1407.1680187165284
2025-11-23T11:58:15,uri=/api/v1/portfolios/{portfolioId}/holdings,1601.1506428068953
2025-11-23T11:58:30,uri=/api/v1/portfolios/{portfolioId}/holdings,1493.5324124271194
2025-11-23T11:58:45,uri=/api/v1/portfolios/{portfolioId}/holdings,1626.2990872351836
2025-11-23T11:59:00,uri=/api/v1/portfolios/{portfolioId}/holdings,1516.0932088274644
2025-11-23T11:59:15,uri=/api/v1/portfolios/{portfolioId}/holdings,1618.1173826499994
2025-11-23T11:59:30,uri=/api/v1/portfolios/{portfolioId}/holdings,1363.7704348681816
2025-11-23T11:59:45,uri=/api/v1/portfolios/{portfolioId}/holdings,1357.8045081598593
2025-11-23T12:00:00,uri=/api/v1/portfolios/{portfolioId}/holdings,1329.8103346341454
2025-11-23T12:00:15,uri=/api/v1/portfolios/{portfolioId}/holdings,1314.5880801312494
2025-11-23T12:00:30,uri=/api/v1/portfolios/{portfolioId}/holdings,1242.1719138823514
2025-11-23T12:00:45,uri=/api/v1/portfolios/{portfolioId}/holdings,977.684035632353
2025-11-23T12:01:00,uri=/api/v1/portfolios/{portfolioId}/holdings,1019.5641573877551
2025-11-23T12:01:15,uri=/api/v1/portfolios/{portfolioId}/holdings,1019.1267855999997
2025-11-23T12:01:30,uri=/api/v1/portfolios/{portfolioId}/holdings,1212.384312134615
2025-11-23T12:01:45,uri=/api/v1/portfolios/{portfolioId}/holdings,1496.3715996808128
2025-11-23T12:02:00,uri=/api/v1/portfolios/{portfolioId}/holdings,1592.3661424294123
2025-11-23T12:02:15,uri=/api/v1/portfolios/{portfolioId}/holdings,1446.4076233790533
2025-11-23T12:02:30,uri=/api/v1/portfolios/{portfolioId}/holdings,1130.113269707499
2025-11-23T12:02:45,uri=/api/v1/portfolios/{portfolioId}/holdings,1022.1225472
2025-11-23T12:03:00,uri=/api/v1/portfolios/{portfolioId}/holdings,1170.2999256653839
2025-11-23T12:03:15,uri=/api/v1/portfolios/{portfolioId}/holdings,1110.0519339565215
2025-11-23T12:03:30,uri=/api/v1/portfolios/{portfolioId}/holdings,1047.5707060705881
2025-11-23T12:03:45,uri=/api/v1/portfolios/{portfolioId}/holdings,1018.6481727999999
2025-11-23T12:04:00,uri=/api/v1/portfolios/{portfolioId}/holdings,965.5212208986483
2025-11-23T12:04:15,uri=/api/v1/portfolios/{portfolioId}/holdings,974.5996596199996
2025-11-23T12:04:30,uri=/api/v1/portfolios/{portfolioId}/holdings,1009.6956842666667
2025-11-23T12:04:45,uri=/api/v1/portfolios/{portfolioId}/holdings,1025.348752
2025-11-23T12:05:00,uri=/api/v1/portfolios/{portfolioId}/holdings,951.235248154412
2025-11-23T12:05:15,uri=/api/v1/portfolios/{portfolioId}/holdings,732.2322699166665
2025-11-23T12:05:30,uri=/api/v1/portfolios/{portfolioId}/holdings,553.1687779107142
