"Time","200"
2025-11-14 13:35:15,0.0667 req/s
2025-11-14 13:35:30,0.0889 req/s
2025-11-14 13:35:45,2.54 req/s
2025-11-14 13:36:00,5.32 req/s
2025-11-14 13:36:15,9.29 req/s
2025-11-14 13:36:30,14.5 req/s
2025-11-14 13:36:45,19.5 req/s
2025-11-14 13:37:00,23.8 req/s
2025-11-14 13:37:15,28.0 req/s
2025-11-14 13:37:30,31.8 req/s
2025-11-14 13:37:45,35.8 req/s
2025-11-14 13:38:00,39.5 req/s
2025-11-14 13:38:15,43.5 req/s
2025-11-14 13:38:30,47.3 req/s
2025-11-14 13:38:45,51.2 req/s
2025-11-14 13:39:00,54.9 req/s
2025-11-14 13:39:15,58.8 req/s
2025-11-14 13:39:30,62.8 req/s
2025-11-14 13:39:45,66.7 req/s
2025-11-14 13:40:00,70.4 req/s
2025-11-14 13:40:15,74.0 req/s
2025-11-14 13:40:30,77.2 req/s
2025-11-14 13:40:45,79.2 req/s
2025-11-14 13:41:00,80.2 req/s
2025-11-14 13:41:15,80.2 req/s
2025-11-14 13:41:30,79.9 req/s
2025-11-14 13:41:45,79.6 req/s
2025-11-14 13:42:00,78.2 req/s
2025-11-14 13:42:15,74.1 req/s
2025-11-14 13:42:30,73.9 req/s
2025-11-14 13:42:45,75.3 req/s
2025-11-14 13:43:00,79.7 req/s
2025-11-14 13:43:15,80.1 req/s
2025-11-14 13:43:30,80.1 req/s
2025-11-14 13:43:45,80.0 req/s
2025-11-14 13:44:00,76.9 req/s
2025-11-14 13:44:15,75.1 req/s
2025-11-14 13:44:30,74.9 req/s
2025-11-14 13:44:45,77.5 req/s
2025-11-14 13:45:00,79.2 req/s
2025-11-14 13:45:15,74.8 req/s
2025-11-14 13:45:30,54.6 req/s
2025-11-14 13:45:45,28.2 req/s